{
  "lastUpdated": "2024-11-25T14:30:00Z",
  "events": [
    {
      "id": "ke-001",
      "title": "Kenya: #RejectFinanceBill2024 Begins",
      "country": "Kenya",
      "countryCode": "KE",
      "city": "Nairobi",
      "date": "2024-06-18",
      "endDate": "2024-06-18",
      "status": "completed",
      "type": "protest",
      "description": "Gen Z takes to the streets of Nairobi in historic numbers. The first wave of peaceful protests against the Finance Bill 2024.",
      "participants": "10,000+",
      "outcome": "Massive turnout, peaceful demonstration",
      "images": ["img/events/kenya-june18.jpg"],
      "hashtags": ["#RejectFinanceBill2024", "#OccupyParliament", "#GenZKenya"],
      "coordinates": [-1.2921, 36.8219]
    },
    {
      "id": "ke-002",
      "title": "Kenya: Parliament Stormed",
      "country": "Kenya",
      "countryCode": "KE",
      "city": "Nairobi CBD",
      "date": "2024-06-25",
      "endDate": "2024-06-25",
      "status": "completed",
      "type": "protest",
      "description": "Historic day as protesters breach parliament grounds. RiseGen provides emergency medical support and legal aid to dozens.",
      "participants": "50,000+",
      "outcome": "Emergency response activated, multiple arrests",
      "images": ["img/events/kenya-june25.jpg"],
      "hashtags": ["#OccupyParliament", "#RutoMustGo", "#GenZRevolution"],
      "coordinates": [-1.2864, 36.8172],
      "casualties": {
        "injured": 50,
        "arrested": 30,
        "supported": 85
      }
    },
    {
      "id": "ke-003",
      "title": "Kenya: Victory - Finance Bill Withdrawn",
      "country": "Kenya",
      "countryCode": "KE",
      "city": "Nationwide",
      "date": "2024-07-01",
      "endDate": "2024-07-31",
      "status": "completed",
      "type": "victory",
      "description": "Finance Bill 2024 withdrawn by President Ruto. Protests continue for broader accountability. RiseGen expands support network across Kenya.",
      "participants": "100,000+",
      "outcome": "Finance Bill 2024 REJECTED - Historic Victory!",
      "images": ["img/events/kenya-victory.jpg"],
      "hashtags": ["#FinanceBillRejected", "#GenZWins", "#PeoplePower"],
      "coordinates": [-1.2921, 36.8219]
    },
    {
      "id": "ke-004",
      "title": "Kenya: Occupy Everywhere Movement",
      "country": "Kenya",
      "countryCode": "KE",
      "city": "Multiple Cities",
      "date": "2024-08-08",
      "endDate": "2024-08-08",
      "status": "completed",
      "type": "protest",
      "description": "Simultaneous protests in Nairobi, Mombasa, Kisumu, Nakuru, and other major cities demanding continued accountability.",
      "participants": "75,000+",
      "outcome": "Nationwide solidarity demonstrated",
      "hashtags": ["#OccupyEverywhere", "#TotalShutdown"],
      "coordinates": [-1.2921, 36.8219],
      "casualties": {
        "injured": 25,
        "arrested": 15,
        "supported": 45
      }
    },
    {
      "id": "tz-001",
      "title": "Tanzania: Independence Day Rising",
      "country": "Tanzania",
      "countryCode": "TZ",
      "city": "Dar es Salaam",
      "date": "2024-12-09",
      "endDate": "2024-12-09",
      "status": "upcoming",
      "type": "protest",
      "description": "Tanzanian Gen Z joins the movement on Independence Day. Demanding accountability, transparency, and youth representation in government. This marks the expansion of the East African youth movement beyond Kenya.",
      "participants": "Expected 20,000+",
      "outcome": null,
      "images": [],
      "hashtags": ["#TanzaniaAwake", "#GenZTanzania", "#Dec9", "#UhuruDay"],
      "coordinates": [-6.7924, 39.2083],
      "meetingPoints": [
        { "name": "Mnazi Mmoja Grounds", "time": "08:00 AM" },
        { "name": "Kariakoo Market", "time": "09:00 AM" },
        { "name": "Posta", "time": "08:30 AM" }
      ],
      "safetyInfo": {
        "emergencyContact": "+255 700 000 000",
        "medicalTents": ["Mnazi Mmoja", "Posta", "Kariakoo"],
        "legalHotline": "+255 700 000 001"
      }
    },
    {
      "id": "tz-002",
      "title": "Tanzania: Arusha Solidarity March",
      "country": "Tanzania",
      "countryCode": "TZ",
      "city": "Arusha",
      "date": "2024-12-09",
      "endDate": "2024-12-09",
      "status": "upcoming",
      "type": "protest",
      "description": "Arusha youth join the nationwide Independence Day demonstrations in solidarity with Dar es Salaam. Unity across regions for change.",
      "participants": "Expected 5,000+",
      "outcome": null,
      "images": [],
      "hashtags": ["#TanzaniaAwake", "#ArushaRising", "#Dec9"],
      "coordinates": [-3.3869, 36.683],
      "meetingPoints": [{ "name": "Clock Tower", "time": "09:00 AM" }, { "name": "Central Market", "time": "09:30 AM" }]
    },
    {
      "id": "tz-003",
      "title": "Tanzania: Mwanza Youth Assembly",
      "country": "Tanzania",
      "countryCode": "TZ",
      "city": "Mwanza",
      "date": "2024-12-09",
      "endDate": "2024-12-09",
      "status": "upcoming",
      "type": "protest",
      "description": "Lake Zone youth gather in Mwanza to stand with their fellow Tanzanians demanding change and accountability.",
      "participants": "Expected 3,000+",
      "outcome": null,
      "hashtags": ["#TanzaniaAwake", "#MwanzaRising"],
      "coordinates": [-2.5164, 32.9175],
      "meetingPoints": [{ "name": "Rock City Mall Area", "time": "09:00 AM" }]
    },
    {
      "id": "ug-001",
      "title": "Uganda: Movement Planning Begins",
      "country": "Uganda",
      "countryCode": "UG",
      "city": "Kampala",
      "date": "2025-01-15",
      "endDate": "2025-03-31",
      "status": "planned",
      "type": "organizing",
      "description": "Ugandan youth activists begin organizing and connecting with the East African Gen Z movement. Building networks, training volunteers, and preparing for future action.",
      "participants": "TBD",
      "outcome": null,
      "images": [],
      "hashtags": ["#UgandaNext", "#EastAfricaUnited", "#GenZUganda"],
      "coordinates": [0.3476, 32.5825]
    },
    {
      "id": "ug-002",
      "title": "Uganda: Solidarity Day Planned",
      "country": "Uganda",
      "countryCode": "UG",
      "city": "Kampala",
      "date": "2025-04-01",
      "endDate": "2025-04-01",
      "status": "planned",
      "type": "protest",
      "description": "Planned solidarity demonstration with Kenyan and Tanzanian youth. Date tentative pending organizational readiness.",
      "participants": "TBD",
      "outcome": null,
      "hashtags": ["#UgandaRising", "#EastAfricaUnited"],
      "coordinates": [0.3476, 32.5825]
    }
  ],
  "news": [
    {
      "id": "news-001",
      "title": "RiseGen Launches Operations in Tanzania",
      "date": "2024-11-20",
      "category": "announcement",
      "summary": "RiseGen officially expands to Tanzania ahead of December 9 Independence Day protests. Support teams deployed to Dar es Salaam, Arusha, and Mwanza.",
      "content": "Following the success of our operations in Kenya, RiseGen is proud to announce our expansion to Tanzania. Our team has established partnerships with local activists and is ready to provide medical, legal, and logistical support for the upcoming December 9 protests.",
      "image": "img/news/tanzania-launch.jpg",
      "link": null,
      "featured": false
    },
    {
      "id": "news-002",
      "title": "Kenya Protest Support: Impact Report",
      "date": "2024-10-15",
      "category": "report",
      "summary": "Over 2,500 activists supported during Kenya protests. 150+ legal cases handled. Full transparency report now available.",
      "content": "We're proud to release our full impact report from the Kenya #RejectFinanceBill2024 protests. Your donations helped provide medical care, legal support, and safety supplies to thousands of Gen Z activists.",
      "image": "img/news/impact-report.jpg",
      "link": "reports/kenya-impact-2024.pdf",
      "featured": false
    },
    {
      "id": "news-003",
      "title": "December 9: Complete Safety Guide",
      "date": "2024-11-25",
      "category": "guide",
      "summary": "Complete guide for Tanzania December 9 Independence Day protests. Safety tips, meeting points, emergency contacts, and what to bring.",
      "content": "The December 9 protests are approaching. Here's everything you need to know to stay safe and make your voice heard. Download our safety guide and share with fellow activists.",
      "image": "img/news/dec9-guide.jpg",
      "featured": true,
      "link": "guides/tanzania-dec9-safety.pdf"
    },
    {
      "id": "news-004",
      "title": "Emergency Response Team Training Complete",
      "date": "2024-11-18",
      "category": "update",
      "summary": "50 volunteers trained in Tanzania for emergency medical and legal response during upcoming protests.",
      "content": "Our Tanzania emergency response team is ready. 50 trained volunteers will be stationed across Dar es Salaam, Arusha, and Mwanza on December 9.",
      "image": "img/news/training.jpg",
      "featured": false
    },
    {
      "id": "news-005",
      "title": "Uganda Activists Join Movement",
      "date": "2024-11-22",
      "category": "announcement",
      "summary": "Ugandan youth leaders meet with RiseGen to plan expansion into Uganda. East African unity growing stronger.",
      "content": "We're excited to announce preliminary discussions with Ugandan youth activists. The East African Gen Z movement continues to grow across borders.",
      "image": "img/news/uganda-meeting.jpg",
      "featured": false
    },
    {
      "id": "news-006",
      "title": "Legal Aid Fund Reaches $50,000",
      "date": "2024-11-24",
      "category": "update",
      "summary": "Thanks to generous donors, our legal aid fund has reached $50,000. Ready to support activists facing prosecution.",
      "content": "Your donations are making a difference. Our legal aid fund is now fully prepared to support any activists who may face legal challenges during the upcoming protests.",
      "image": "img/news/legal-fund.jpg",
      "featured": false
    }
  ],
  "stats": {
    "totalEvents": 9,
    "completedEvents": 4,
    "upcomingEvents": 3,
    "plannedEvents": 2,
    "countriesActive": 2,
    "countriesPlanned": 1,
    "activistsSupported": 2500,
    "legalCases": 150,
    "citiesCovered": 8,
    "volunteersActive": 200
  }
}
